qseqid	taxonomy
smORF_22	d__Bacteria
smORF_26	d__Bacteria;p__Firmicutes_A;c__Clostridia_A;o__Christensenellales;f__UBA1242;g__UBA6345;s__UBA6345 sp002437945
smORF_27	d__Bacteria;p__Firmicutes_A;c__Clostridia;o__Oscillospirales
smORF_28	d__Bacteria;p__Actinobacteriota;c__Thermoleophilia;o__Solirubrobacterales;f__Solirubrobacteraceae;g__Solirubrobacter
smORF_13
smORF_15	d__Archaea;p__Thermoproteota;c__Nitrososphaeria;o__Nitrososphaerales;f__Nitrososphaeraceae;g__UBA10452;s__UBA10452 sp003176995
smORF_24	d__Bacteria;p__Firmicutes_A;c__Clostridia_A;o__Christensenellales;f__UBA1242;g__UMGS687;s__UMGS687 sp900545735
smORF_25	d__Bacteria;p__SAR324;c__SAR324;o__SAR324;f__NAC60-12;g__Arctic96AD-7;s__Arctic96AD-7 sp002685535
smORF_0
smORF_1	d__Bacteria
smORF_17	d__Archaea;p__Thermoproteota;c__Nitrososphaeria;o__Nitrososphaerales;f__Nitrososphaeraceae;g__UBA10452;s__UBA10452 sp003176995
smORF_18	d__Bacteria;p__Cyanobacteria;c__Cyanobacteriia
smORF_19
smORF_20	d__Bacteria;p__Verrucomicrobiota;c__Verrucomicrobiae;o__Pedosphaerales;f__Pedosphaeraceae;g__UBA11358
smORF_21	d__Bacteria;p__Actinobacteriota;c__Actinomycetia;o__Streptosporangiales;f__Streptosporangiaceae;g__UBA9676;s__UBA9676 sp003541285
smORF_29	d__Bacteria;p__Actinobacteriota;c__Actinomycetia
smORF_30
smORF_10	d__Bacteria;p__Firmicutes_A;c__Clostridia_A;o__Christensenellales;f__UBA1242;g__UMGS687;s__UMGS687 sp900545735
smORF_11	d__Bacteria
smORF_2
smORF_6	d__Archaea;p__Thermoproteota;c__Nitrososphaeria;o__Nitrososphaerales;f__Nitrososphaeraceae;g__Nitrososphaera;s__Nitrososphaera sp002494895
smORF_7	d__Bacteria;p__Proteobacteria;c__Gammaproteobacteria;o__Burkholderiales;f__Burkholderiaceae;g__SYFN01;s__SYFN01 sp005800405
smORF_14	d__Bacteria
smORF_5	d__Bacteria
smORF_8	d__Bacteria;p__Proteobacteria;c__Gammaproteobacteria;o__Burkholderiales;f__Burkholderiaceae;g__SYFN01;s__SYFN01 sp005800405
smORF_9
smORF_16	d__Bacteria;p__Actinobacteriota;c__Actinomycetia;o__Streptosporangiales;f__Streptosporangiaceae
smORF_12	d__Bacteria;p__Deinococcota;c__Deinococci;o__Deinococcales
